{
  "money": 150,
  "elapsedSeconds": 77.37507160000003,
  "mapData": [],
  "routeData": ["Route 1#12,33;22,48#12,33;11,33;11,34;11,35;11,36;11,37;11,38;12,38;13,38;14,38;15,38;16,38;17,38;18,38;19,38;20,38;21,38;22,38;23,38;23,39;23,40;23,41;23,42;23,43;23,44;23,45;23,46;23,47;23,48;22,48;23,48;23,47;23,46;23,45;23,44;23,43;23,42;23,41;23,40;23,39;23,38;22,38;21,38;20,38;19,38;18,38;17,38;16,38;15,38;14,38;13,38;12,38;11,38;11,37;11,36;11,35;11,34;11,33", "Route 2#13,37;22,52#13,37;13,38;14,38;15,38;16,38;17,38;18,38;19,38;20,38;21,38;22,38;23,38;23,39;23,40;23,41;23,42;23,43;23,44;23,45;23,46;23,47;23,48;23,49;23,50;23,51;23,52;22,52;23,52;23,51;23,50;23,49;23,48;23,47;23,46;23,45;23,44;23,43;23,42;23,41;23,40;23,39;23,38;22,38;21,38;20,38;19,38;18,38;17,38;16,38;15,38;14,38;13,38", "Route 3#24,52;32,21#24,52;23,52;23,51;23,50;23,49;23,48;23,47;23,46;24,46;25,46;26,46;27,46;28,46;29,46;30,46;31,46;31,45;31,44;31,43;31,42;31,41;31,40;31,39;31,38;31,37;31,36;31,35;31,34;31,33;31,32;31,31;31,30;31,29;31,28;31,27;31,26;31,25;31,24;31,23;32,23;32,22;32,21;32,22;32,23;31,23;31,24;31,25;31,26;31,27;31,28;31,29;31,30;31,31;31,32;31,33;31,34;31,35;31,36;31,37;31,38;31,39;31,40;31,41;31,42;31,43;31,44;31,45;31,46;30,46;29,46;28,46;27,46;26,46;25,46;24,46;23,46;23,47;23,48;23,49;23,50;23,51;23,52", "Route 4#32,21;22,48#32,21;31,21;30,21;29,21;29,22;28,22;27,22;26,22;25,22;24,22;23,22;23,23;23,24;23,25;23,26;23,27;23,28;23,29;23,30;23,31;23,32;23,33;23,34;23,35;23,36;23,37;23,38;23,39;23,40;23,41;23,42;23,43;23,44;23,45;23,46;23,47;23,48;22,48;23,48;23,47;23,46;23,45;23,44;23,43;23,42;23,41;23,40;23,39;23,38;23,37;23,36;23,35;23,34;23,33;23,32;23,31;23,30;23,29;23,28;23,27;23,26;23,25;23,24;23,23;23,22;24,22;25,22;26,22;27,22;28,22;29,22;29,21;30,21;31,21"],
  "vehicleData": ["BUS|1015.14666|756.0|50.0|Route 3|62", "TRAM|606.8956|756.0|40.0|Route 3|36", "BUS|1015.14666|756.0|50.0|Route 3|62", "BUS|1015.14666|756.0|50.0|Route 3|62", "BUS|1015.14666|756.0|50.0|Route 3|62", "TRAM|606.8956|756.0|40.0|Route 3|36", "TRAM|1014.8956|564.0|40.0|Route 4|44"],
  "trafficLightData": []
}